{
  "Linear": {
    "mae": 7.033425693710645e-11,
    "mse": 8.364450354136216e-21,
    "r2": 1.0
  },
  "Poly2": {
    "mae": 1.2126596023639044e-11,
    "mse": 3.8822343415822097e-22,
    "r2": 1.0
  },
  "LightGBM": {
    "mae": 11666.666666666666,
    "mse": 193055555.55555555,
    "r2": 0.16666666666666663
  },
  "CatBoost": {
    "mae": 114.20819711232132,
    "mse": 19515.632220258336,
    "r2": 0.9999157598609197
  },
  "Stack": {
    "mae": 17722.725281557872,
    "mse": 493810353.6145875,
    "r2": -1.1315554832284351
  }
}