{
  "Linear": {
    "mae": 30021.619671407963,
    "mse": 1304411581.0584137,
    "r2": -22.189539218816243
  },
  "Poly": {
    "mae": 25824.644730041444,
    "mse": 823649660.4348003,
    "r2": -13.642660629952005
  },
  "LGBM": {
    "mae": 21666.66666666667,
    "mse": 525694444.44444466,
    "r2": -8.345679012345682
  },
  "Cat": {
    "mae": 22650.928964788305,
    "mse": 665754751.5120927,
    "r2": -10.835640026881649
  },
  "Stack": {
    "mae": 19915.91215533606,
    "mse": 399766150.18694925,
    "r2": -6.10695378110132
  }
}