{
  "A": {
    "mae": 30942.623351001013,
    "mse": 1387569715.250551,
    "r2": -23.667906048898683,
    "mape": 26.39285265692315
  },
  "B": {
    "mae": 26284.43208382734,
    "mse": 851411379.3829372,
    "r2": -14.136202300141106,
    "mape": 22.714050169695398
  }
}