{
  "mae": 26284.43208382734,
  "mse": 851411379.3829372,
  "r2": -14.136202300141106,
  "mape": 22.714050169695398
}