{
  "mae": 30942.623351001013,
  "mse": 1387569715.250551,
  "r2": -23.667906048898683,
  "mape": 26.39285265692315
}