{
  "Linear": {
    "mae": 29007.304946818746,
    "mse": 1144773628.42189,
    "r2": -9.175765585972355
  },
  "Poly2": {
    "mae": 27120.596053957714,
    "mse": 901265776.4812181,
    "r2": -7.011251346499716
  },
  "LightGBM": {
    "mae": 21666.66666666667,
    "mse": 525694444.44444466,
    "r2": -3.672839506172841
  },
  "CatBoost": {
    "mae": 23054.566321135935,
    "mse": 682073124.3508724,
    "r2": -5.062872216452199
  },
  "Stack": {
    "mae": 27898.324599147745,
    "mse": 803309565.6503532,
    "r2": -6.140529472447584
  }
}